Workbook
Name ExerciseList: 'Exercise Library'!$A$2:$A$11
Name FoodList: 'Food List'!$A$2:$A$11

Sheet READ ME FIRST
A1: Welcome to NeuroFit
A3: This workbook is your companion to the NeuroFit programme. Use this sheet to understand how to use the tools effectively.
A5: 1. Start with the Sample Week sheet to see how to log your sessions. Enter the date, choose exercises from the drop‑down lists and record sets, reps, weights and RPE.
A6: 2. Use the Macro Calculator sheet to determine your daily protein, carb and fat targets. Then complete the Meal Split table below the calculator to distribute these macros across your meals.
A7: 3. The Weekly Planner sheet generates your workout plan. Choose from standard or No‑Equipment Path variations. Input your planned sets and reps; adjust as needed after each session.
A8: 4. The Superset Builder sheet helps you pair exercises for higher density sessions. Select two movements from the drop‑down lists and specify sets, reps and rest.
A9: 5. Record actual training data in the Exercise Log. The Advanced Metrics sheet automatically calculates estimated 1RM and volume; optional columns allow you to log velocity and power.
A10: 6. Review the Camp Templates for examples of eight‑, ten‑ and twelve‑week fight camps, and use the Fight Week Run Sheet for a final week checklist.
A12: Need a walkthrough? Scan the QR code in the Quick‑Start Guide or visit the link below:
A13: https://example.com/quick-start-video

Sheet Exercise Library
A1: Exercise | B1: Category | C1: Muscle Group | D1: Difficulty | E1: Description
A2: Bodyweight Squat | B2: Strength | C2: Lower Body | D2: Beginner | E2: Stand with feet shoulder-width, sit back and down, keep chest up, drive through heels.
A3: Push-Up | B3: Strength | C3: Upper Body | D3: Beginner | E3: Start in plank, lower chest to floor keeping elbows close, push back up.
A4: Lunge | B4: Strength | C4: Lower Body | D4: Beginner | E4: Step forward, lower hips until both knees are at 90 degrees, return to standing.
A5: Bent-Over Row | B5: Strength | C5: Back | D5: Intermediate | E5: Hinge at hips, hold weights, pull toward torso, squeeze shoulder blades.
A6: Plank | B6: Core | C6: Core | D6: Beginner | E6: Hold a straight line from head to heels, engage core and glutes.
A7: Deadlift | B7: Strength | C7: Full Body | D7: Intermediate | E7: With barbell close to shins, hinge at hips, keep back flat, stand tall driving through heels.
A8: Mountain Climbers | B8: Cardio | C8: Full Body | D8: Beginner | E8: Start in plank, alternate driving knees to chest rapidly.
A9: Burpees | B9: Cardio | C9: Full Body | D9: Advanced | E9: Drop into squat, kick feet back to plank, return and jump explosively.
A10: Glute Bridge | B10: Strength | C10: Lower Body | D10: Beginner | E10: Lie on back, bend knees, lift hips until knees/hips/shoulders align, squeeze glutes.
A11: Overhead Press | B11: Strength | C11: Shoulders | D11: Intermediate | E11: Press weights overhead, keeping core engaged and back neutral.

Sheet Food List
A1: Food Item | B1: Category | C1: Calories (kcal per 100g) | D1: Protein (g) | E1: Carbs (g) | F1: Fat (g)
A2: Chicken Breast | B2: Protein | C2: 165 | D2: 31 | E2: 0 | F2: 3.6
A3: Salmon | B3: Protein | C3: 208 | D3: 20 | E3: 0 | F3: 13
A4: Brown Rice | B4: Carbohydrate | C4: 123 | D4: 2.5 | E4: 26 | F4: 1
A5: Sweet Potato | B5: Carbohydrate | C5: 86 | D5: 1.6 | E5: 20 | F5: 0.1
A6: Broccoli | B6: Vegetable | C6: 34 | D6: 2.8 | E6: 6.6 | F6: 0.4
A7: Spinach | B7: Vegetable | C7: 23 | D7: 2.9 | E7: 3.6 | F7: 0.4
A8: Almonds | B8: Healthy Fats | C8: 579 | D8: 21 | E8: 22 | F8: 50
A9: Avocado | B9: Healthy Fats | C9: 160 | D9: 2 | E9: 9 | F9: 15
A10: Greek Yogurt | B10: Protein | C10: 59 | D10: 10 | E10: 3.6 | F10: 0.4
A11: Oats | B11: Carbohydrate | C11: 389 | D11: 17 | E11: 66 | F11: 7

Sheet Meal Planner
A1: Day | B1: Breakfast | C1: Snack 1 | D1: Lunch | E1: Snack 2 | F1: Dinner | G1: Calories | H1: Protein (g) | I1: Carbs (g) | J1: Fat (g)
A2: Monday | G2: =IF(B2="",0,VLOOKUP(B2,'Food List'!$A$2:$F$11,3,FALSE))+IF(C2="",0,VLOOKUP(C2,'Food List'!$A$2:$F$11,3,FALSE))+IF(D2="",0,VLOOKUP(D2,'Food List'!$A$2:$F$11,3,FALSE))+IF(E2="",0,VLOOKUP(E2,'Food List'!$A$2:$F$11,3,FALSE))+IF(F2="",0,VLOOKUP(F2,'Food List'!$A$2:$F$11,3,FALSE)) | H2: =IF(B2="",0,VLOOKUP(B2,'Food List'!$A$2:$F$11,4,FALSE))+IF(C2="",0,VLOOKUP(C2,'Food List'!$A$2:$F$11,4,FALSE))+IF(D2="",0,VLOOKUP(D2,'Food List'!$A$2:$F$11,4,FALSE))+IF(E2="",0,VLOOKUP(E2,'Food List'!$A$2:$F$11,4,FALSE))+IF(F2="",0,VLOOKUP(F2,'Food List'!$A$2:$F$11,4,FALSE)) | I2: =IF(B2="",0,VLOOKUP(B2,'Food List'!$A$2:$F$11,5,FALSE))+IF(C2="",0,VLOOKUP(C2,'Food List'!$A$2:$F$11,5,FALSE))+IF(D2="",0,VLOOKUP(D2,'Food List'!$A$2:$F$11,5,FALSE))+IF(E2="",0,VLOOKUP(E2,'Food List'!$A$2:$F$11,5,FALSE))+IF(F2="",0,VLOOKUP(F2,'Food List'!$A$2:$F$11,5,FALSE)) | J2: =IF(B2="",0,VLOOKUP(B2,'Food List'!$A$2:$F$11,6,FALSE))+IF(C2="",0,VLOOKUP(C2,'Food List'!$A$2:$F$11,6,FALSE))+IF(D2="",0,VLOOKUP(D2,'Food List'!$A$2:$F$11,6,FALSE))+IF(E2="",0,VLOOKUP(E2,'Food List'!$A$2:$F$11,6,FALSE))+IF(F2="",0,VLOOKUP(F2,'Food List'!$A$2:$F$11,6,FALSE))
A3: Tuesday | G3: =IF(B3="",0,VLOOKUP(B3,'Food List'!$A$2:$F$11,3,FALSE))+IF(C3="",0,VLOOKUP(C3,'Food List'!$A$2:$F$11,3,FALSE))+IF(D3="",0,VLOOKUP(D3,'Food List'!$A$2:$F$11,3,FALSE))+IF(E3="",0,VLOOKUP(E3,'Food List'!$A$2:$F$11,3,FALSE))+IF(F3="",0,VLOOKUP(F3,'Food List'!$A$2:$F$11,3,FALSE)) | H3: =IF(B3="",0,VLOOKUP(B3,'Food List'!$A$2:$F$11,4,FALSE))+IF(C3="",0,VLOOKUP(C3,'Food List'!$A$2:$F$11,4,FALSE))+IF(D3="",0,VLOOKUP(D3,'Food List'!$A$2:$F$11,4,FALSE))+IF(E3="",0,VLOOKUP(E3,'Food List'!$A$2:$F$11,4,FALSE))+IF(F3="",0,VLOOKUP(F3,'Food List'!$A$2:$F$11,4,FALSE)) | I3: =IF(B3="",0,VLOOKUP(B3,'Food List'!$A$2:$F$11,5,FALSE))+IF(C3="",0,VLOOKUP(C3,'Food List'!$A$2:$F$11,5,FALSE))+IF(D3="",0,VLOOKUP(D3,'Food List'!$A$2:$F$11,5,FALSE))+IF(E3="",0,VLOOKUP(E3,'Food List'!$A$2:$F$11,5,FALSE))+IF(F3="",0,VLOOKUP(F3,'Food List'!$A$2:$F$11,5,FALSE)) | J3: =IF(B3="",0,VLOOKUP(B3,'Food List'!$A$2:$F$11,6,FALSE))+IF(C3="",0,VLOOKUP(C3,'Food List'!$A$2:$F$11,6,FALSE))+IF(D3="",0,VLOOKUP(D3,'Food List'!$A$2:$F$11,6,FALSE))+IF(E3="",0,VLOOKUP(E3,'Food List'!$A$2:$F$11,6,FALSE))+IF(F3="",0,VLOOKUP(F3,'Food List'!$A$2:$F$11,6,FALSE))
A4: Wednesday | G4: =IF(B4="",0,VLOOKUP(B4,'Food List'!$A$2:$F$11,3,FALSE))+IF(C4="",0,VLOOKUP(C4,'Food List'!$A$2:$F$11,3,FALSE))+IF(D4="",0,VLOOKUP(D4,'Food List'!$A$2:$F$11,3,FALSE))+IF(E4="",0,VLOOKUP(E4,'Food List'!$A$2:$F$11,3,FALSE))+IF(F4="",0,VLOOKUP(F4,'Food List'!$A$2:$F$11,3,FALSE)) | H4: =IF(B4="",0,VLOOKUP(B4,'Food List'!$A$2:$F$11,4,FALSE))+IF(C4="",0,VLOOKUP(C4,'Food List'!$A$2:$F$11,4,FALSE))+IF(D4="",0,VLOOKUP(D4,'Food List'!$A$2:$F$11,4,FALSE))+IF(E4="",0,VLOOKUP(E4,'Food List'!$A$2:$F$11,4,FALSE))+IF(F4="",0,VLOOKUP(F4,'Food List'!$A$2:$F$11,4,FALSE)) | I4: =IF(B4="",0,VLOOKUP(B4,'Food List'!$A$2:$F$11,5,FALSE))+IF(C4="",0,VLOOKUP(C4,'Food List'!$A$2:$F$11,5,FALSE))+IF(D4="",0,VLOOKUP(D4,'Food List'!$A$2:$F$11,5,FALSE))+IF(E4="",0,VLOOKUP(E4,'Food List'!$A$2:$F$11,5,FALSE))+IF(F4="",0,VLOOKUP(F4,'Food List'!$A$2:$F$11,5,FALSE)) | J4: =IF(B4="",0,VLOOKUP(B4,'Food List'!$A$2:$F$11,6,FALSE))+IF(C4="",0,VLOOKUP(C4,'Food List'!$A$2:$F$11,6,FALSE))+IF(D4="",0,VLOOKUP(D4,'Food List'!$A$2:$F$11,6,FALSE))+IF(E4="",0,VLOOKUP(E4,'Food List'!$A$2:$F$11,6,FALSE))+IF(F4="",0,VLOOKUP(F4,'Food List'!$A$2:$F$11,6,FALSE))
A5: Thursday | G5: =IF(B5="",0,VLOOKUP(B5,'Food List'!$A$2:$F$11,3,FALSE))+IF(C5="",0,VLOOKUP(C5,'Food List'!$A$2:$F$11,3,FALSE))+IF(D5="",0,VLOOKUP(D5,'Food List'!$A$2:$F$11,3,FALSE))+IF(E5="",0,VLOOKUP(E5,'Food List'!$A$2:$F$11,3,FALSE))+IF(F5="",0,VLOOKUP(F5,'Food List'!$A$2:$F$11,3,FALSE)) | H5: =IF(B5="",0,VLOOKUP(B5,'Food List'!$A$2:$F$11,4,FALSE))+IF(C5="",0,VLOOKUP(C5,'Food List'!$A$2:$F$11,4,FALSE))+IF(D5="",0,VLOOKUP(D5,'Food List'!$A$2:$F$11,4,FALSE))+IF(E5="",0,VLOOKUP(E5,'Food List'!$A$2:$F$11,4,FALSE))+IF(F5="",0,VLOOKUP(F5,'Food List'!$A$2:$F$11,4,FALSE)) | I5: =IF(B5="",0,VLOOKUP(B5,'Food List'!$A$2:$F$11,5,FALSE))+IF(C5="",0,VLOOKUP(C5,'Food List'!$A$2:$F$11,5,FALSE))+IF(D5="",0,VLOOKUP(D5,'Food List'!$A$2:$F$11,5,FALSE))+IF(E5="",0,VLOOKUP(E5,'Food List'!$A$2:$F$11,5,FALSE))+IF(F5="",0,VLOOKUP(F5,'Food List'!$A$2:$F$11,5,FALSE)) | J5: =IF(B5="",0,VLOOKUP(B5,'Food List'!$A$2:$F$11,6,FALSE))+IF(C5="",0,VLOOKUP(C5,'Food List'!$A$2:$F$11,6,FALSE))+IF(D5="",0,VLOOKUP(D5,'Food List'!$A$2:$F$11,6,FALSE))+IF(E5="",0,VLOOKUP(E5,'Food List'!$A$2:$F$11,6,FALSE))+IF(F5="",0,VLOOKUP(F5,'Food List'!$A$2:$F$11,6,FALSE))
A6: Friday | G6: =IF(B6="",0,VLOOKUP(B6,'Food List'!$A$2:$F$11,3,FALSE))+IF(C6="",0,VLOOKUP(C6,'Food List'!$A$2:$F$11,3,FALSE))+IF(D6="",0,VLOOKUP(D6,'Food List'!$A$2:$F$11,3,FALSE))+IF(E6="",0,VLOOKUP(E6,'Food List'!$A$2:$F$11,3,FALSE))+IF(F6="",0,VLOOKUP(F6,'Food List'!$A$2:$F$11,3,FALSE)) | H6: =IF(B6="",0,VLOOKUP(B6,'Food List'!$A$2:$F$11,4,FALSE))+IF(C6="",0,VLOOKUP(C6,'Food List'!$A$2:$F$11,4,FALSE))+IF(D6="",0,VLOOKUP(D6,'Food List'!$A$2:$F$11,4,FALSE))+IF(E6="",0,VLOOKUP(E6,'Food List'!$A$2:$F$11,4,FALSE))+IF(F6="",0,VLOOKUP(F6,'Food List'!$A$2:$F$11,4,FALSE)) | I6: =IF(B6="",0,VLOOKUP(B6,'Food List'!$A$2:$F$11,5,FALSE))+IF(C6="",0,VLOOKUP(C6,'Food List'!$A$2:$F$11,5,FALSE))+IF(D6="",0,VLOOKUP(D6,'Food List'!$A$2:$F$11,5,FALSE))+IF(E6="",0,VLOOKUP(E6,'Food List'!$A$2:$F$11,5,FALSE))+IF(F6="",0,VLOOKUP(F6,'Food List'!$A$2:$F$11,5,FALSE)) | J6: =IF(B6="",0,VLOOKUP(B6,'Food List'!$A$2:$F$11,6,FALSE))+IF(C6="",0,VLOOKUP(C6,'Food List'!$A$2:$F$11,6,FALSE))+IF(D6="",0,VLOOKUP(D6,'Food List'!$A$2:$F$11,6,FALSE))+IF(E6="",0,VLOOKUP(E6,'Food List'!$A$2:$F$11,6,FALSE))+IF(F6="",0,VLOOKUP(F6,'Food List'!$A$2:$F$11,6,FALSE))
A7: Saturday | G7: =IF(B7="",0,VLOOKUP(B7,'Food List'!$A$2:$F$11,3,FALSE))+IF(C7="",0,VLOOKUP(C7,'Food List'!$A$2:$F$11,3,FALSE))+IF(D7="",0,VLOOKUP(D7,'Food List'!$A$2:$F$11,3,FALSE))+IF(E7="",0,VLOOKUP(E7,'Food List'!$A$2:$F$11,3,FALSE))+IF(F7="",0,VLOOKUP(F7,'Food List'!$A$2:$F$11,3,FALSE)) | H7: =IF(B7="",0,VLOOKUP(B7,'Food List'!$A$2:$F$11,4,FALSE))+IF(C7="",0,VLOOKUP(C7,'Food List'!$A$2:$F$11,4,FALSE))+IF(D7="",0,VLOOKUP(D7,'Food List'!$A$2:$F$11,4,FALSE))+IF(E7="",0,VLOOKUP(E7,'Food List'!$A$2:$F$11,4,FALSE))+IF(F7="",0,VLOOKUP(F7,'Food List'!$A$2:$F$11,4,FALSE)) | I7: =IF(B7="",0,VLOOKUP(B7,'Food List'!$A$2:$F$11,5,FALSE))+IF(C7="",0,VLOOKUP(C7,'Food List'!$A$2:$F$11,5,FALSE))+IF(D7="",0,VLOOKUP(D7,'Food List'!$A$2:$F$11,5,FALSE))+IF(E7="",0,VLOOKUP(E7,'Food List'!$A$2:$F$11,5,FALSE))+IF(F7="",0,VLOOKUP(F7,'Food List'!$A$2:$F$11,5,FALSE)) | J7: =IF(B7="",0,VLOOKUP(B7,'Food List'!$A$2:$F$11,6,FALSE))+IF(C7="",0,VLOOKUP(C7,'Food List'!$A$2:$F$11,6,FALSE))+IF(D7="",0,VLOOKUP(D7,'Food List'!$A$2:$F$11,6,FALSE))+IF(E7="",0,VLOOKUP(E7,'Food List'!$A$2:$F$11,6,FALSE))+IF(F7="",0,VLOOKUP(F7,'Food List'!$A$2:$F$11,6,FALSE))
A8: Sunday | G8: =IF(B8="",0,VLOOKUP(B8,'Food List'!$A$2:$F$11,3,FALSE))+IF(C8="",0,VLOOKUP(C8,'Food List'!$A$2:$F$11,3,FALSE))+IF(D8="",0,VLOOKUP(D8,'Food List'!$A$2:$F$11,3,FALSE))+IF(E8="",0,VLOOKUP(E8,'Food List'!$A$2:$F$11,3,FALSE))+IF(F8="",0,VLOOKUP(F8,'Food List'!$A$2:$F$11,3,FALSE)) | H8: =IF(B8="",0,VLOOKUP(B8,'Food List'!$A$2:$F$11,4,FALSE))+IF(C8="",0,VLOOKUP(C8,'Food List'!$A$2:$F$11,4,FALSE))+IF(D8="",0,VLOOKUP(D8,'Food List'!$A$2:$F$11,4,FALSE))+IF(E8="",0,VLOOKUP(E8,'Food List'!$A$2:$F$11,4,FALSE))+IF(F8="",0,VLOOKUP(F8,'Food List'!$A$2:$F$11,4,FALSE)) | I8: =IF(B8="",0,VLOOKUP(B8,'Food List'!$A$2:$F$11,5,FALSE))+IF(C8="",0,VLOOKUP(C8,'Food List'!$A$2:$F$11,5,FALSE))+IF(D8="",0,VLOOKUP(D8,'Food List'!$A$2:$F$11,5,FALSE))+IF(E8="",0,VLOOKUP(E8,'Food List'!$A$2:$F$11,5,FALSE))+IF(F8="",0,VLOOKUP(F8,'Food List'!$A$2:$F$11,5,FALSE)) | J8: =IF(B8="",0,VLOOKUP(B8,'Food List'!$A$2:$F$11,6,FALSE))+IF(C8="",0,VLOOKUP(C8,'Food List'!$A$2:$F$11,6,FALSE))+IF(D8="",0,VLOOKUP(D8,'Food List'!$A$2:$F$11,6,FALSE))+IF(E8="",0,VLOOKUP(E8,'Food List'!$A$2:$F$11,6,FALSE))+IF(F8="",0,VLOOKUP(F8,'Food List'!$A$2:$F$11,6,FALSE))

Sheet Weekly Planner
A1: Date | B1: Exercise | C1: Sets | D1: Reps | E1: Weight (kg) | F1: Rest (s) | G1: RPE | H1: Total Volume | I1: Water Intake (L) | J1: Mood (1-5) | K1: Notes
A2: 2025-08-25 | H2: =IF(AND(C2<>"",D2<>"",E2<>""),C2*D2*E2,0)
A3: 2025-08-26 | H3: =IF(AND(C3<>"",D3<>"",E3<>""),C3*D3*E3,0)
A4: 2025-08-27 | H4: =IF(AND(C4<>"",D4<>"",E4<>""),C4*D4*E4,0)
A5: 2025-08-28 | H5: =IF(AND(C5<>"",D5<>"",E5<>""),C5*D5*E5,0)
A6: 2025-08-29 | H6: =IF(AND(C6<>"",D6<>"",E6<>""),C6*D6*E6,0)
A7: 2025-08-30 | H7: =IF(AND(C7<>"",D7<>"",E7<>""),C7*D7*E7,0)
A8: 2025-08-31 | H8: =IF(AND(C8<>"",D8<>"",E8<>""),C8*D8*E8,0)

Sheet Exercise Log
A1: Date | B1: Exercise | C1: Sets | D1: Reps | E1: Weight (kg) | F1: Volume | G1: Notes
F2: =IF(AND(C2<>"",D2<>"",E2<>""),C2*D2*E2,0)
F3: =IF(AND(C3<>"",D3<>"",E3<>""),C3*D3*E3,0)
F4: =IF(AND(C4<>"",D4<>"",E4<>""),C4*D4*E4,0)
F5: =IF(AND(C5<>"",D5<>"",E5<>""),C5*D5*E5,0)
F6: =IF(AND(C6<>"",D6<>"",E6<>""),C6*D6*E6,0)
F7: =IF(AND(C7<>"",D7<>"",E7<>""),C7*D7*E7,0)
F8: =IF(AND(C8<>"",D8<>"",E8<>""),C8*D8*E8,0)
F9: =IF(AND(C9<>"",D9<>"",E9<>""),C9*D9*E9,0)
F10: =IF(AND(C10<>"",D10<>"",E10<>""),C10*D10*E10,0)
F11: =IF(AND(C11<>"",D11<>"",E11<>""),C11*D11*E11,0)

Sheet Progress Dashboard
A1: Metric | B1: Value
A2: Total Sessions Completed | B2: =COUNTA('Exercise Log'!B2:B11)
A3: Average Volume per Session | B3: =IF(B3=0,0,AVERAGE('Exercise Log'!F2:F11))
A4: Average Daily Calories | B4: =AVERAGE('Meal Planner'!G2:G8)
A5: Average Protein Intake (g) | B5: =AVERAGE('Meal Planner'!H2:H8)
A6: Average Carbs Intake (g) | B6: =AVERAGE('Meal Planner'!I2:I8)
A7: Average Fat Intake (g) | B7: =AVERAGE('Meal Planner'!J2:J8)

Sheet Sample Week
A1: Date | B1: Day | C1: Exercise | D1: Sets | E1: Reps | F1: Weight | G1: Rest | H1: RPE | I1: Notes
A2: 2025-09-01 | B2: Mon | C2: Goblet Squat | D2: 3 | E2: 10 | F2: 20 | G2: 60s | H2: 7 | I2: Focus on form
A3: 2025-09-01 | B3: Mon | C3: Push-Up | D3: 3 | E3: 10 | F3: BW | G3: 60s | H3: 6 | I3: Knees down for easier version
A4: 2025-09-01 | B4: Mon | C4: Dumbbell Row | D4: 3 | E4: 12 | F4: 12 | G4: 60s | H4: 7
A5: 2025-09-02 | B5: Tue | C5: Reverse Lunge | D5: 3 | E5: 12 | F5: 10 | G5: 60s | H5: 7
A6: 2025-09-02 | B6: Tue | C6: Floor Press | D6: 3 | E6: 10 | F6: 14 | G6: 60s | H6: 6
A7: 2025-09-03 | B7: Wed | C7: Romanian Deadlift | D7: 3 | E7: 10 | F7: 25 | G7: 60s | H7: 8 | I7: Feel hamstrings working
A8: 2025-09-04 | B8: Thu | C8: Conditioning Circuit | I8: 30s skipping, 30s mountain climbers x4
A9: 2025-09-05 | B9: Fri | C9: Mobility Flow | I9: World’s greatest stretch x5 each side, Cat-Cow x10

Sheet Macro Calculator
A1: Enter your weight (kg)
A3: Select Goal
A4: Options: Maintenance, Fat Loss, Muscle Gain
A6: Protein (g/day) | B6: =IF(B3="Fat Loss",B1*2,IF(B3="Maintenance",B1*2,IF(B3="Muscle Gain",B1*2,"")))
A7: Carbs (g/day) | B7: =IF(B3="Fat Loss",B1*2,IF(B3="Maintenance",B1*3,IF(B3="Muscle Gain",B1*5,"")))
A8: Fats (g/day) | B8: =IF(B3="Fat Loss",B1*0.8,IF(B3="Maintenance",B1*1,IF(B3="Muscle Gain",B1*1,"")))
A9: Estimated Calories | B9: =B6*4+B7*4+B8*9
A11: Note: Select goal exactly as listed in B3 and macros will calculate automatically.
A14: Meal Split (enter decimal ratios that sum to 1.0)
A15: Meal | B15: Ratio | C15: Protein (g) | D15: Carbs (g) | E15: Fats (g) | F15: Calories (kcal)
A16: Meal 1 | B16: 0.25 | C16: =$B$6*B16 | D16: =$B$7*B16 | E16: =$B$8*B16 | F16: =C16*4+D16*4+E16*9
A17: Meal 2 | B17: 0.25 | C17: =$B$6*B17 | D17: =$B$7*B17 | E17: =$B$8*B17 | F17: =C17*4+D17*4+E17*9
A18: Meal 3 | B18: 0.25 | C18: =$B$6*B18 | D18: =$B$7*B18 | E18: =$B$8*B18 | F18: =C18*4+D18*4+E18*9
A19: Meal 4 | B19: 0.25 | C19: =$B$6*B19 | D19: =$B$7*B19 | E19: =$B$8*B19 | F19: =C19*4+D19*4+E19*9
A20: Ensure the sum of ratios equals 1.0 (100 %). Adjust the ratios to suit your meal pattern.

Sheet Advanced Metrics
A1: Date | B1: Exercise | C1: Weight | D1: Reps | E1: Sets | F1: Estimated 1RM | G1: Volume | H1: RPE | I1: Velocity (m/s) | J1: Power (W) | K1: Comments
A2: 2025-09-01 | B2: Deadlift | C2: 100 | D2: 5 | E2: 5 | F2: =C2*(1+D2/30) | G2: =C2*D2*E2 | H2: 8
A3: 2025-09-03 | B3: Bench Press | C3: 60 | D3: 8 | E3: 4 | F3: =C3*(1+D3/30) | G3: =C3*D3*E3 | H3: 7
A13: Instructions:
A14: Fill in each row with your date, exercise, weight, reps, sets and perceived exertion.
A15: The columns Estimated 1RM and Volume compute automatically using the Epley formula (weight*(1+reps/30)) and volume (weight*reps*sets).

Sheet Superset Builder
A1: Superset # | B1: Exercise A | C1: Exercise B | D1: Sets | E1: Reps | F1: Rest (s)
A2: 1
A3: 2
A4: 3
A5: 4
A6: 5
A7: 6
A8: 7
A9: 8
A10: 9
A11: 10

Sheet Camp Templates
A1: Fight Camp Templates
A3: These templates outline typical phase structures for 8‑, 10‑ and 12‑week fight camps. Adjust as needed for your event date.
A5: 8‑Week Camp
A6: Week | B6: Phase | C6: S&C : Skill : Conditioning Ratio | D6: Target RPE Band
A7: 1 | B7: Build | C7: 40 : 30 : 30 | D7: 7–8
A8: 2 | B8: Build | C8: 40 : 30 : 30 | D8: 7–8
A9: 3 | B9: Build | C9: 40 : 30 : 30 | D9: 7–8
A10: 4 | B10: Peak | C10: 30 : 50 : 20 | D10: 8–9
A11: 5 | B11: Peak | C11: 30 : 50 : 20 | D11: 8–9
A12: 6 | B12: Peak | C12: 30 : 50 : 20 | D12: 8–9
A13: 7 | B13: Taper | C13: 20 : 50 : 30 | D13: 5–6
A14: 8 | B14: Taper | C14: 20 : 50 : 30 | D14: 5–6
A17: 10‑Week Camp
A18: Week | B18: Phase | C18: S&C : Skill : Conditioning Ratio | D18: Target RPE Band
A19: 1 | B19: Build | C19: 40 : 30 : 30 | D19: 7–8
A20: 2 | B20: Build | C20: 40 : 30 : 30 | D20: 7–8
A21: 3 | B21: Build | C21: 40 : 30 : 30 | D21: 7–8
A22: 4 | B22: Build | C22: 40 : 30 : 30 | D22: 7–8
A23: 5 | B23: Peak | C23: 30 : 50 : 20 | D23: 8–9
A24: 6 | B24: Peak | C24: 30 : 50 : 20 | D24: 8–9
A25: 7 | B25: Peak | C25: 30 : 50 : 20 | D25: 8–9
A26: 8 | B26: Peak | C26: 30 : 50 : 20 | D26: 8–9
A27: 9 | B27: Taper | C27: 20 : 50 : 30 | D27: 5–6
A28: 10 | B28: Taper | C28: 20 : 50 : 30 | D28: 5–6
A31: 12‑Week Camp
A32: Week | B32: Phase | C32: S&C : Skill : Conditioning Ratio | D32: Target RPE Band
A33: 1 | B33: Build | C33: 40 : 30 : 30 | D33: 7–8
A34: 2 | B34: Build | C34: 40 : 30 : 30 | D34: 7–8
A35: 3 | B35: Build | C35: 40 : 30 : 30 | D35: 7–8
A36: 4 | B36: Build | C36: 40 : 30 : 30 | D36: 7–8
A37: 5 | B37: Build | C37: 40 : 30 : 30 | D37: 7–8
A38: 6 | B38: Peak | C38: 30 : 50 : 20 | D38: 8–9
A39: 7 | B39: Peak | C39: 30 : 50 : 20 | D39: 8–9
A40: 8 | B40: Peak | C40: 30 : 50 : 20 | D40: 8–9
A41: 9 | B41: Peak | C41: 30 : 50 : 20 | D41: 8–9
A42: 10 | B42: Peak | C42: 30 : 50 : 20 | D42: 8–9
A43: 11 | B43: Taper | C43: 20 : 50 : 30 | D43: 5–6
A44: 12 | B44: Taper | C44: 20 : 50 : 30 | D44: 5–6

Sheet Fight Week Run Sheet
A1: Fight Week Run Sheet
A3: Use this checklist to stay organised during the final seven days before your bout.
A5: Day | B5: Morning | C5: Afternoon | D5: Evening
A6: -7 (Sat) | B6: Light spar & pad work, review game plan | C6: Stretch & mobility, pack kit bag | D6: Meal prep, meditate
A7: -6 (Sun) | B7: Rest day, long walk | C7: Sauna or hot bath, breathing practice | D7: Visualisation & journal
A8: -5 (Mon) | B8: Technique session & mitt work | C8: Strength maintainers (light) | D8: Watch tape, early bed
A9: -4 (Tue) | B9: Medium conditioning, cut sodium & fibre | C9: Pad work, breathing drills | D9: Check travel & weigh‑in logistics
A10: -3 (Wed) | B10: Short high‑intensity intervals | C10: Stretch & mobility, final spar | D10: Mental rehearsal, pack snacks
A11: -2 (Thu) | B11: Light shake‑out, weigh‑in check | C11: Sign off on weight cut, hydrate | D11: Sleep & relax
A12: -1 (Fri) | B12: Weigh‑in, rehydrate following protocol | C12: Rest and eat, mobility flow | D12: Game plan review, early night
A13: 0 (Fight Day) | B13: Light mobility & shadow boxing | C13: Rest, hydrate, visualise success | D13: Compete, breathe, execute
